frame,material,distance,box_id,x,y,z,dx,dy,dz,heading,score,label
0,card,4m,0,0.2329638,4.0971136,0.9996784,1.9474715,3.8968842,1.4615006,6.1341915,0.9807166457176208,1
1,card,4m,0,0.23491986,4.1234193,0.99704134,1.9450078,3.8918684,1.4595903,6.1166534,0.9808253645896912,1
2,card,4m,0,0.21849158,4.1001725,1.0013802,1.9499831,3.9018931,1.4633794,6.129978,0.9802836775779724,1
3,card,4m,0,0.24845782,4.1058807,1.0008805,1.950686,3.903347,1.4639266,6.120941,0.9809946417808533,1
3,card,4m,1,0.088266134,4.1543107,0.9708384,1.9247409,3.8443782,1.4413552,6.1519394,0.6788600087165833,1
4,card,4m,0,0.2204164,4.124635,1.0001018,1.9531931,3.9081995,1.4657116,6.11294,0.9798984527587891,1
5,card,4m,0,0.24518564,4.1032796,0.9976119,1.9442928,3.8905585,1.4591241,6.1231375,0.9813608527183533,1
5,card,4m,1,0.109547794,4.1521964,0.9674504,1.9140503,3.8220437,1.4328587,6.148759,0.7136251330375671,1
6,card,4m,0,0.22677748,4.0954456,0.99887,1.9480593,3.8980007,1.4619088,6.135274,0.9803286790847778,1
7,card,4m,0,0.24254563,4.1266894,0.9977793,1.9470055,3.8958726,1.4610938,6.116008,0.9808858036994934,1
8,card,4m,0,0.25729358,4.101545,0.99645245,1.9418172,3.8855493,1.4572443,6.1335773,0.981264591217041,1
8,card,4m,1,0.098134995,4.164296,0.95631796,1.8986005,3.79185,1.4216948,6.166604,0.5443213582038879,1
9,card,4m,0,0.2363681,4.1233373,0.9967748,1.939566,3.881146,1.4555979,6.1244526,0.9818484783172607,1
10,card,4m,0,0.22958656,4.1345162,0.9990989,1.9483228,3.8984547,1.4620585,6.119089,0.9803556203842163,1
11,card,4m,0,0.23001727,4.1096745,0.99856466,1.9483671,3.898547,1.4620956,6.1207094,0.980217456817627,1
12,card,4m,0,0.2382222,4.1307087,0.99686885,1.9433695,3.888665,1.4583982,6.1191235,0.9814233183860779,1
13,card,4m,0,0.23834777,4.095103,0.99692816,1.9440702,3.8900745,1.4589396,6.1277246,0.9809437394142151,1
14,card,4m,0,0.2200756,4.135175,0.99668,1.9427238,3.8873641,1.4579111,6.1214485,0.9810974597930908,1
15,card,4m,0,0.2537585,4.128086,0.9968766,1.9429013,3.8877213,1.4580506,6.1228113,0.9814718961715698,1
15,card,4m,1,0.10792613,4.181519,0.96142924,1.9068267,3.8076634,1.4275737,6.156934,0.6311355829238892,1
16,card,4m,0,0.2834174,4.1059165,0.9945816,1.9333962,3.8688066,1.4509833,6.136758,0.9824885129928589,1
17,card,4m,0,0.23508736,4.1220355,0.9951762,1.9382728,3.8785455,1.4546161,6.1242666,0.9818664193153381,1
18,card,4m,0,0.23028931,4.1109843,0.99779606,1.9443429,3.8907049,1.459183,6.121914,0.9814505577087402,1
19,card,4m,0,0.25783598,4.097965,0.99693704,1.9437262,3.8893,1.4586447,6.135359,0.9807726144790649,1
20,mirror,4m,0,0.33867282,4.0851912,1.0504134,2.1093662,4.217459,1.581144,6.1555414,0.9457486271858215,1
21,mirror,4m,0,0.341844,4.115334,1.0493731,2.1063528,4.211188,1.5787814,6.104685,0.9430782198905945,1
22,mirror,4m,0,0.30863863,4.1255884,1.0464784,2.094979,4.1883526,1.5702918,6.068593,0.9413127899169922,1
23,mirror,4m,0,0.37508288,4.136553,1.0438092,2.0936382,4.185144,1.5690198,6.0595655,0.9388091564178467,1
24,mirror,4m,0,0.30832377,4.143512,1.0463244,2.0964901,4.1910853,1.5712721,6.0298986,0.9387218356132507,1
25,mirror,4m,0,0.32516584,4.140662,1.0473337,2.0980792,4.1941214,1.5723832,6.00605,0.9378448128700256,1
26,mirror,4m,0,0.33148122,4.140891,1.0459068,2.093857,4.1855664,1.5691898,5.996648,0.9376922249794006,1
27,mirror,4m,0,0.31901056,4.1675014,1.04723,2.094048,4.1872725,1.5698801,5.9445515,0.9364721179008484,1
28,mirror,4m,0,0.3014961,4.1548786,1.0509754,2.0978422,4.1949663,1.5727682,5.931756,0.9386444091796875,1
29,mirror,4m,0,0.32493964,4.197614,1.0508127,2.098828,4.197037,1.5735666,5.9003773,0.9411134123802185,1
30,mirror,4m,0,0.33564472,4.2264194,1.0522122,2.0988696,4.196981,1.573558,5.8943453,0.9389030933380127,1
31,mirror,4m,0,0.29552364,4.2110167,1.0488193,2.094116,4.1871448,1.5698408,5.863036,0.939294695854187,1
32,mirror,4m,0,0.30477077,4.2088494,1.035846,2.0656517,4.1289725,1.5479796,5.8712034,0.9462536573410034,1
33,mirror,4m,0,0.31855896,4.1752276,1.0410217,2.0787313,4.1548424,1.5576577,5.8720264,0.9415997862815857,1
34,mirror,4m,0,0.3059777,4.1824656,1.037293,2.0697203,4.137068,1.5510166,5.8731756,0.9446585178375244,1
35,mirror,4m,0,0.28407395,4.2079206,1.0398694,2.075305,4.1480703,1.5551122,5.8529997,0.943457841873169,1
36,mirror,4m,0,0.27993688,4.1578455,1.0154765,2.0041091,4.0082736,1.5030059,5.954504,0.9688338041305542,1
37,mirror,4m,0,0.25650257,4.195162,1.0166793,2.003876,4.0078077,1.5028248,5.947384,0.9689486622810364,1
38,mirror,4m,0,0.24974073,4.18319,1.0187144,2.0088959,4.017738,1.506545,5.9479904,0.9672598242759705,1
39,mirror,4m,0,0.28121397,4.195607,1.0171087,2.005266,4.0103726,1.503763,5.932068,0.9681168794631958,1
40,nothing,4m,0,-0.32998952,4.083746,1.0204799,2.0010521,4.002208,1.5008268,6.2934895,0.9725975394248962,1
41,nothing,4m,0,-0.32280445,4.0766563,1.0209663,2.0024116,4.0049324,1.5018537,6.294693,0.9727805852890015,1
42,nothing,4m,0,-0.3471755,4.0983334,1.0256366,2.017049,4.0337124,1.512571,6.2855625,0.9683033227920532,1
43,nothing,4m,0,-0.33031982,4.0727468,1.0182724,1.9987653,3.9976997,1.4991419,6.2958155,0.9730456471443176,1
44,nothing,4m,0,-0.33999985,4.089302,1.0216068,2.0064373,4.012857,1.504802,6.2921934,0.9715477824211121,1
45,nothing,4m,0,-0.32097208,4.079934,1.0226665,2.0060143,4.0120697,1.5045295,6.2897415,0.9724215269088745,1
46,nothing,4m,0,-0.2759951,4.0685773,1.0178624,1.9937783,3.987856,1.4954956,6.295722,0.9750728011131287,1
47,nothing,4m,0,-0.31931242,4.0962234,1.0239859,2.007851,4.0156293,1.5058454,6.290822,0.9718129634857178,1
48,nothing,4m,0,-0.31808543,4.118931,1.0221863,2.0048144,4.009434,1.5034943,6.287321,0.9712400436401367,1
49,nothing,4m,0,-0.33424023,4.0835075,1.0184133,1.9975468,3.995294,1.498256,6.2878494,0.9736300706863403,1
50,nothing,4m,0,-0.3190568,4.082137,1.0214064,2.004785,4.0095744,1.5035794,6.2923374,0.9722245335578918,1
51,nothing,4m,0,-0.3353008,4.092382,1.0192268,1.9996873,3.9994693,1.4997935,6.2934475,0.972666323184967,1
52,nothing,4m,0,-0.3016687,4.0861716,1.0180736,1.9960413,3.9921224,1.4970429,6.2796936,0.9732340574264526,1
53,nothing,4m,0,-0.3343002,4.0990605,1.0197477,2.0027263,4.005387,1.501987,6.2893744,0.9715700745582581,1
54,nothing,4m,0,-0.32885313,4.0769815,1.0229006,2.0064318,4.012922,1.5048468,6.2922564,0.9721398949623108,1
55,nothing,4m,0,-0.31792176,4.080121,1.0210001,2.0045686,4.0091887,1.5034456,6.2927876,0.9727501273155212,1
56,nothing,4m,0,-0.31745052,4.0771604,1.0206571,2.0002143,4.0006604,1.500282,6.2938213,0.9741266369819641,1
57,nothing,4m,0,-0.34522486,4.085181,1.0208957,2.003535,4.0072193,1.5027132,6.299611,0.9727044701576233,1
58,nothing,4m,0,-0.2748673,4.0794344,1.0169237,1.9929447,3.9861012,1.4948257,6.287939,0.9744532108306885,1
59,nothing,4m,0,-0.31820747,4.097964,1.0227115,2.0072784,4.014408,1.5053691,6.288845,0.9712444543838501,1
60,spot,4m,0,0.19606154,4.0922627,1.0026472,1.9521667,3.9062731,1.4650273,6.122631,0.9797607660293579,1
61,spot,4m,0,0.24072912,4.0566654,0.99944454,1.9447595,3.891579,1.4595393,6.128828,0.9811493158340454,1
61,spot,4m,1,0.091979265,4.1272297,0.96670926,1.9120874,3.8180661,1.4314641,6.1517,0.6545355916023254,1
62,spot,4m,0,0.22838682,4.0390725,0.99983406,1.9483728,3.898811,1.4622526,6.1376896,0.9807828068733215,1
62,spot,4m,1,0.09122953,4.095843,0.9763134,1.9252372,3.8456361,1.4417512,6.1582804,0.7998462319374084,1
63,spot,4m,0,0.25300848,4.041276,0.9988842,1.9452418,3.8925734,1.4599125,6.1279507,0.9814339876174927,1
63,spot,4m,1,0.3649656,3.8723373,0.9854635,1.9297544,3.8430588,1.4390186,6.17068,0.5085906386375427,1
63,spot,4m,2,0.06940904,4.1195235,0.95973754,1.9096142,3.814355,1.4302295,6.157057,0.5058779120445251,1
64,spot,4m,0,0.21023443,4.0677323,1.0016462,1.9522748,3.906566,1.4651467,6.1252327,0.9802603125572205,1
64,spot,4m,1,0.068440616,4.012023,0.9489932,1.8985803,3.7913713,1.4219012,6.1553135,0.628399670124054,1
65,spot,4m,0,0.22119819,4.055523,1.0033419,1.9559191,3.9138649,1.46789,6.1263266,0.980213463306427,1
65,spot,4m,1,0.082537115,4.1123853,0.98510563,1.9382367,3.8736236,1.4523852,6.1450787,0.8708665370941162,1
66,spot,4m,0,0.22038542,4.047059,1.0022178,1.9550974,3.912176,1.4672471,6.1256456,0.9799724221229553,1
66,spot,4m,1,0.08945295,4.108721,0.98388267,1.9351707,3.8668175,1.4497734,6.145377,0.8651561737060547,1
67,spot,4m,0,0.22333585,4.080865,0.9987744,1.9455869,3.893248,1.4601516,6.123337,0.9812725782394409,1
68,spot,4m,0,0.23553155,4.055498,0.99970996,1.9463193,3.894702,1.4607055,6.1284504,0.9811127185821533,1
68,spot,4m,1,0.09961289,4.1129475,0.9716925,1.9180994,3.8301907,1.4358997,6.1517916,0.7354671955108643,1
69,spot,4m,0,0.21021597,4.0654283,1.0020378,1.9541317,3.9101317,1.4664648,6.1254044,0.9793383479118347,1
69,spot,4m,1,0.075547755,4.025712,0.94088084,1.8911232,3.774695,1.415716,6.160636,0.5192551016807556,1
70,spot,4m,0,0.22100303,4.059172,1.0047185,1.9571106,3.9162488,1.4687889,6.128578,0.9800692796707153,1
70,spot,4m,1,0.08186731,4.113062,0.98792005,1.9436383,3.8843865,1.4564348,6.1511955,0.8600146770477295,1
71,spot,4m,0,0.23334296,4.0582,0.9994307,1.9472821,3.8965812,1.4614035,6.127305,0.9808008074760437,1
71,spot,4m,1,0.097868085,4.115594,0.9733129,1.9217087,3.8377714,1.4387357,6.1491766,0.7658587098121643,1
72,spot,4m,0,0.22122203,4.035589,1.0050212,1.9582068,3.9183989,1.4695944,6.1308203,0.9796141982078552,1
72,spot,4m,1,0.08242479,4.096858,0.9841393,1.937307,3.8707507,1.4512407,6.150198,0.8354212641716003,1
73,spot,4m,0,0.21880084,4.0815005,1.0029328,1.953511,3.908951,1.4660316,6.1291676,0.9799278974533081,1
74,spot,4m,0,0.20129631,4.088787,1.0023785,1.9537712,3.9094808,1.4662243,6.1191797,0.9797956943511963,1
74,spot,4m,1,0.069494486,4.040751,0.9432585,1.8931834,3.7793508,1.4174583,6.154892,0.5543220043182373,1
75,spot,4m,0,0.2098307,4.0738916,0.996264,1.9442438,3.8904128,1.459069,6.1334906,0.9803552627563477,1
76,spot,4m,0,0.23673531,4.03678,1.000231,1.946428,3.8950028,1.4608368,6.135103,0.9814097881317139,1
76,spot,4m,1,0.09093401,4.098281,0.9707396,1.9154685,3.8256073,1.434276,6.1566496,0.7311969995498657,1
77,spot,4m,0,0.21126942,4.0853763,1.0003223,1.9477091,3.897406,1.4617038,6.125614,0.9805444478988647,1
78,spot,4m,0,0.23268154,4.0690093,0.99938804,1.9451536,3.8923216,1.4598083,6.132262,0.9808955788612366,1
79,spot,4m,0,0.23628287,4.042257,1.0022807,1.9516089,3.9052052,1.4646416,6.1259737,0.9802538752555847,1
79,spot,4m,1,0.09206849,4.1117187,0.97268254,1.9212129,3.83608,1.4381381,6.147396,0.6890327334403992,1
80,velvet,4m,0,0.28855276,4.1266093,0.989172,1.929124,3.860182,1.4477195,6.120967,0.9825640320777893,1
81,velvet,4m,0,0.25492835,4.11265,0.9932698,1.9415045,3.8848784,1.4569676,6.123905,0.9812169075012207,1
82,velvet,4m,0,0.26819015,4.1176934,0.9927373,1.9475142,3.8965588,1.4613012,6.13861,0.9795143604278564,1
83,velvet,4m,0,0.26207882,4.1205006,0.9878001,1.9373771,3.8764586,1.4537793,6.130851,0.9808914065361023,1
84,velvet,4m,0,0.28509778,4.100008,0.9888348,1.9375515,3.8768535,1.4539435,6.1515656,0.9813176989555359,1
84,velvet,4m,1,0.37697166,3.9444904,0.97559524,1.9279963,3.8413568,1.4385607,6.1833515,0.561180591583252,1
85,velvet,4m,0,0.2471806,4.111918,0.99184895,1.943006,3.8878133,1.4580541,6.136442,0.9808555245399475,1
86,velvet,4m,0,0.30900183,4.1330595,0.9851159,1.9247189,3.8513753,1.4444098,6.1362257,0.983426570892334,1
87,velvet,4m,0,0.2775129,4.135726,0.9895106,1.9328982,3.8676484,1.4505035,6.137905,0.9821803569793701,1
88,velvet,4m,0,0.22854504,4.1398754,0.9952564,1.9460728,3.8938546,1.4603083,6.119791,0.9801148772239685,1
89,velvet,4m,0,0.25765043,4.1233416,0.9901509,1.9383473,3.8785193,1.4545711,6.1296644,0.9814172387123108,1
89,velvet,4m,1,0.10262483,4.1803746,0.9572095,1.9025728,3.7997525,1.4246689,6.1682825,0.5521065592765808,1
90,velvet,4m,0,0.24178395,4.1565027,0.9890455,1.9343368,3.8705468,1.4515772,6.1159887,0.9820151329040527,1
91,velvet,4m,0,0.23964722,4.1273704,0.9900169,1.9367911,3.8754234,1.4534082,6.1259108,0.9814599752426147,1
92,velvet,4m,0,0.2817744,4.1433706,0.9845914,1.9291812,3.860087,1.447638,6.1256657,0.9819607734680176,1
93,velvet,4m,0,0.24370606,4.1429644,0.9851515,1.9295373,3.860942,1.4479709,6.122179,0.9822049736976624,1
94,velvet,4m,0,0.26882142,4.1288075,0.9905225,1.9346437,3.8711112,1.4518018,6.134327,0.9817051887512207,1
95,velvet,4m,0,0.25374994,4.121722,0.99024695,1.9343615,3.8707066,1.4516618,6.1185436,0.9823218584060669,1
95,velvet,4m,1,0.11066359,4.177067,0.9598059,1.903555,3.8012252,1.4251592,6.1496677,0.6354787349700928,1
96,velvet,4m,0,0.27861267,4.123499,0.9882723,1.9313731,3.8645608,1.449343,6.1354446,0.9819121360778809,1
97,velvet,4m,0,0.2839356,4.1322827,0.9895294,1.9290645,3.860073,1.4476793,6.1305227,0.9827976226806641,1
98,velvet,4m,0,0.2754448,4.125584,0.98962295,1.9301596,3.862227,1.4484818,6.130583,0.9824200868606567,1
99,velvet,4m,0,0.28789422,4.1237187,0.9885987,1.9255617,3.8531027,1.445075,6.136754,0.9830688238143921,1
0,card,7m,0,0.5156205,7.792426,0.8785624,2.0114212,4.0228596,1.5084271,6.2797546,0.9704110622406006,1
1,card,7m,0,0.52033925,7.780715,0.88217556,2.0138893,4.027876,1.5103601,6.279395,0.9703806638717651,1
2,card,7m,0,0.5266184,7.799192,0.8807899,2.011455,4.0231004,1.5085685,6.2797003,0.970793604850769,1
3,card,7m,0,0.5058898,7.795084,0.88299716,2.0208516,4.041761,1.5155182,6.267926,0.9700204730033875,1
4,card,7m,0,0.50123644,7.773702,0.87950164,2.0097075,4.0193696,1.5071365,6.270109,0.9705207943916321,1
5,card,7m,0,0.49512154,7.7634735,0.88358,2.0198922,4.0397263,1.5147607,6.2692633,0.9700776934623718,1
6,card,7m,0,0.53361464,7.776386,0.8806882,2.0121093,4.0244536,1.5090641,6.272134,0.9716476202011108,1
7,card,7m,0,0.5102482,7.7734847,0.88419485,2.0209887,4.0420656,1.5156586,6.28053,0.9704253673553467,1
8,card,7m,0,0.51915836,7.762311,0.8826876,2.020653,4.041396,1.5153809,6.2840195,0.9708974361419678,1
9,card,7m,0,0.5072525,7.798668,0.87958723,2.0098498,4.019776,1.5073051,6.2776213,0.9706169962882996,1
10,card,7m,0,0.50686204,7.788436,0.8850491,2.0195806,4.0395308,1.5147488,6.273247,0.972057580947876,1
11,card,7m,0,0.50957465,7.7777195,0.885517,2.0219872,4.044247,1.516497,6.2675276,0.971459150314331,1
12,card,7m,0,0.5096241,7.807785,0.88292897,2.015723,4.031596,1.5117556,6.2685614,0.9702281355857849,1
13,card,7m,0,0.5280104,7.7730803,0.87889624,2.0113335,4.022692,1.5083663,6.275833,0.97060227394104,1
14,card,7m,0,0.503846,7.808967,0.8800182,2.0110066,4.022124,1.5081829,6.2643785,0.9706327319145203,1
15,card,7m,0,0.5204531,7.785571,0.8760914,2.003629,4.0072703,1.5025889,6.264843,0.9709049463272095,1
16,card,7m,0,0.5323717,7.773802,0.8805274,2.0084653,4.017236,1.5063847,6.270134,0.9722536206245422,1
17,card,7m,0,0.5126005,7.7913737,0.88220465,2.0161827,4.032503,1.5120771,6.2723875,0.9706383347511292,1
18,card,7m,0,0.51749957,7.8056717,0.88100594,2.0133243,4.0269403,1.5100024,6.279333,0.9716305136680603,1
19,card,7m,0,0.51866513,7.8044868,0.880838,2.013716,4.027509,1.5101986,6.2760878,0.9699515104293823,1
20,mirror,7m,0,0.47949195,7.7769446,0.8532372,1.9333007,3.8673677,1.45063,6.2228136,0.9818763136863708,1
20,mirror,7m,1,0.7387553,10.752538,0.87347627,1.9687446,3.943271,1.479287,6.2289906,0.9765094518661499,1
21,mirror,7m,0,0.4251869,7.804572,0.8486798,1.9233454,3.8474724,1.443162,6.221899,0.9814249277114868,1
21,mirror,7m,1,0.71666753,10.76,0.87036496,1.9608123,3.92625,1.472754,6.2058344,0.9752584099769592,1
21,mirror,7m,2,0.86787975,10.946408,0.8248759,1.8939484,3.769078,1.4115095,6.2136154,0.5839676856994629,1
22,mirror,7m,0,0.49591655,7.802388,0.85458744,1.9401327,3.8807056,1.4555858,6.197054,0.981369137763977,1
22,mirror,7m,1,0.74856776,10.747634,0.8757415,1.9782766,3.962772,1.486642,6.238106,0.9748554825782776,1
23,mirror,7m,0,0.4831566,7.7938843,0.8458077,1.9197713,3.8401408,1.4403973,6.203435,0.9824467897415161,1
23,mirror,7m,1,0.7111547,10.765649,0.8721497,1.9695727,3.9438946,1.4793593,6.213728,0.9744558334350586,1
23,mirror,7m,2,0.8660212,10.94066,0.8243023,1.895935,3.77291,1.4129329,6.221286,0.5824553370475769,1
24,mirror,7m,0,0.46937963,7.781636,0.84964824,1.9257848,3.8523476,1.4449971,6.227004,0.9817730784416199,1
24,mirror,7m,1,0.7502954,10.756578,0.86923385,1.9606091,3.926889,1.4731354,6.2067003,0.9695786237716675,1
25,mirror,7m,0,0.48441035,7.8218136,0.8535679,1.9332132,3.8672578,1.4505789,6.196578,0.9825154542922974,1
25,mirror,7m,1,0.74187034,10.766128,0.87497795,1.9733305,3.952623,1.4828138,6.2254276,0.9743666648864746,1
26,mirror,7m,0,0.4843944,7.788355,0.85065943,1.9275591,3.855819,1.4462869,6.224906,0.9817919135093689,1
26,mirror,7m,1,0.7071839,10.746835,0.8737871,1.9707098,3.9462285,1.4802529,6.21352,0.9765642881393433,1
26,mirror,7m,2,0.81597686,10.90909,0.82865596,1.9066472,3.7962286,1.4218512,6.209173,0.677102267742157,1
27,mirror,7m,0,0.48121282,7.801404,0.8550959,1.9380461,3.876733,1.4541146,6.1997547,0.9816789031028748,1
27,mirror,7m,1,0.72962296,10.746087,0.87672144,1.9784423,3.9624186,1.4864297,6.231475,0.974872350692749,1
28,mirror,7m,0,0.47636,7.801093,0.8523075,1.9346178,3.8698351,1.4515305,6.208372,0.9816771745681763,1
28,mirror,7m,1,0.7508911,10.752848,0.86910146,1.9668124,3.939428,1.4778366,6.2247715,0.9652726054191589,1
29,mirror,7m,0,0.49743336,7.776712,0.8531581,1.9288944,3.858667,1.4473782,6.236125,0.9820477962493896,1
29,mirror,7m,1,0.70603275,10.75182,0.87377733,1.9676884,3.9403923,1.4781044,6.2006407,0.9762025475502014,1
29,mirror,7m,2,0.82798207,10.917036,0.8272104,1.8985614,3.7801852,1.4158826,6.2001753,0.6849080920219421,1
30,mirror,7m,0,0.48659164,7.799119,0.8565031,1.9363477,3.8734999,1.4529133,6.219736,0.9809050559997559,1
30,mirror,7m,1,0.7329208,10.76419,0.8759542,1.9745315,3.954352,1.4833906,6.2089014,0.9710786938667297,1
30,mirror,7m,2,0.82890236,10.933427,0.83417404,1.9124854,3.8097665,1.4270293,6.2155094,0.7395877838134766,1
31,mirror,7m,0,0.48749465,7.7833467,0.8506578,1.9283429,3.8573587,1.4468639,6.2075033,0.9822483062744141,1
31,mirror,7m,1,0.7475124,10.740468,0.8698218,1.9623266,3.9305823,1.4745351,6.2401505,0.9782636761665344,1
32,mirror,7m,0,0.4788509,7.8252616,0.8475379,1.9205306,3.8417857,1.441021,6.2058105,0.9825586080551147,1
32,mirror,7m,1,0.7042803,10.761917,0.8715558,1.965824,3.9362965,1.4765052,6.2175894,0.9763090014457703,1
32,mirror,7m,2,0.8794241,10.94218,0.8248582,1.8945385,3.770425,1.4119707,6.213668,0.5460514426231384,1
33,mirror,7m,0,0.47764796,7.829525,0.84653574,1.9205633,3.841711,1.4409797,6.216647,0.9820020198822021,1
33,mirror,7m,1,0.7341862,10.76405,0.86396366,1.9545574,3.9135725,1.4679837,6.17939,0.9590319991111755,1
33,mirror,7m,2,0.88930756,10.968154,0.825445,1.8945128,3.770235,1.4118668,6.1920595,0.6122637391090393,1
34,mirror,7m,0,0.49436462,7.804945,0.8473328,1.9180377,3.8368037,1.4391571,6.209216,0.9823068976402283,1
34,mirror,7m,1,0.7337109,10.743168,0.87138474,1.9642727,3.934102,1.4758112,6.1947927,0.9754526615142822,1
34,mirror,7m,2,0.81527436,10.940995,0.83682084,1.9116515,3.8122287,1.4283967,6.203417,0.84154212474823,1
35,mirror,7m,0,0.48021358,7.830891,0.85358083,1.9333115,3.867457,1.4506506,6.1922703,0.9825494289398193,1
35,mirror,7m,1,0.74488497,10.764936,0.87203234,1.9693953,3.9444659,1.4797351,6.2173033,0.9637002944946289,1
36,mirror,7m,0,0.45920295,7.821121,0.8452019,1.9190354,3.8387182,1.4398713,6.2126894,0.9822898507118225,1
36,mirror,7m,1,0.7360141,10.770517,0.8669615,1.9580863,3.921331,1.4709625,6.194229,0.9707448482513428,1
36,mirror,7m,2,0.82761806,10.95237,0.82397664,1.895259,3.7749507,1.4139214,6.196948,0.7390919327735901,1
37,mirror,7m,0,0.48368928,7.785973,0.85058576,1.9278376,3.8563807,1.4464954,6.2070017,0.9823571443557739,1
37,mirror,7m,1,0.71231675,10.748417,0.87427986,1.9729167,3.9506426,1.4819223,6.217951,0.9715155959129333,1
38,mirror,7m,0,0.49281323,7.812386,0.8497589,1.9280491,3.8566244,1.4465649,6.2040806,0.9821619391441345,1
38,mirror,7m,1,0.7150351,10.741866,0.8747171,1.9754354,3.9560335,1.4839641,6.2173195,0.9759112596511841,1
38,mirror,7m,2,0.80857,10.905853,0.83146316,1.9134228,3.8109787,1.4274211,6.2161446,0.7189958691596985,1
39,mirror,7m,0,0.48815283,7.7835455,0.85203516,1.9327428,3.8660111,1.4500899,6.186057,0.9817121028900146,1
39,mirror,7m,1,0.75522685,10.718807,0.8744879,1.9755088,3.9573739,1.4846324,6.226966,0.9763959050178528,1
40,nothing,7m,0,0.48470595,7.827146,0.88824856,2.027805,4.056067,1.5209489,6.264371,0.9716240167617798,1
41,nothing,7m,0,0.53576076,7.794161,0.8858954,2.0212498,4.0429444,1.5160313,6.2570486,0.9715511798858643,1
42,nothing,7m,0,0.46210456,7.800579,0.8844439,2.0257852,4.0515037,1.5191493,6.269788,0.969789445400238,1
43,nothing,7m,0,0.4979335,7.829502,0.88698614,2.022677,4.0457683,1.5171036,6.2623644,0.97114098072052,1
44,nothing,7m,0,0.4971479,7.8099647,0.8832782,2.017329,4.034787,1.5129435,6.2687893,0.9702831506729126,1
45,nothing,7m,0,0.4964473,7.8332415,0.8861565,2.026969,4.054278,1.5202432,6.262966,0.970669150352478,1
46,nothing,7m,0,0.54042447,7.8092237,0.88289666,2.0144854,4.0294466,1.5109745,6.2653894,0.971913754940033,1
47,nothing,7m,0,0.5184907,7.8290443,0.88857603,2.0251236,4.050808,1.5190167,6.266055,0.9713059663772583,1
48,nothing,7m,0,0.4833439,7.8634057,0.88107413,2.012528,4.025285,1.5093899,6.2645245,0.9703576564788818,1
49,nothing,7m,0,0.49443233,7.859124,0.8825772,2.0136514,4.027662,1.5103106,6.2682333,0.9707728028297424,1
50,nothing,7m,0,0.51879495,7.8397746,0.8837415,2.017056,4.0346336,1.5129236,6.2651014,0.9717705249786377,1
51,nothing,7m,0,0.49849242,7.847401,0.8834511,2.0198529,4.0401974,1.5149815,6.2685843,0.9719680547714233,1
52,nothing,7m,0,0.53772426,7.8216333,0.8795644,2.0079095,4.016272,1.5060284,6.2728395,0.9721890687942505,1
53,nothing,7m,0,0.50374085,7.8488965,0.884165,2.015533,4.031404,1.511724,6.261035,0.9703749418258667,1
54,nothing,7m,0,0.51469415,7.8100777,0.88588405,2.025571,4.051418,1.5191729,6.268751,0.9703863859176636,1
55,nothing,7m,0,0.5082975,7.8379874,0.8846024,2.0199966,4.040485,1.5151112,6.2713356,0.971690833568573,1
56,nothing,7m,0,0.5144444,7.8303213,0.883571,2.0180144,4.036483,1.5136025,6.2699165,0.9716787934303284,1
57,nothing,7m,0,0.46520972,7.8305,0.8858769,2.0218189,4.043903,1.5163851,6.274995,0.9710524082183838,1
58,nothing,7m,0,0.5237056,7.8057747,0.88158035,2.0172927,4.0347185,1.5128921,6.275715,0.9701014757156372,1
59,nothing,7m,0,0.5351287,7.8243155,0.8816445,2.0120528,4.0245295,1.5091288,6.2663918,0.9714979529380798,1
60,spot,7m,0,0.5114828,7.794042,0.8823442,2.0150635,4.0303655,1.5112898,6.273902,0.9714660048484802,1
61,spot,7m,0,0.49613306,7.799076,0.88054633,2.016013,4.03202,1.5118623,6.2804394,0.9701674580574036,1
62,spot,7m,0,0.5198679,7.762694,0.87531674,2.0100844,4.0200715,1.5073218,6.2895107,0.9709639549255371,1
63,spot,7m,0,0.51738113,7.774741,0.8782117,2.013119,4.0262995,1.509695,6.2821083,0.9712911248207092,1
64,spot,7m,0,0.50628185,7.785586,0.87849903,2.0132034,4.0263085,1.5096924,6.270459,0.9699704647064209,1
65,spot,7m,0,0.4983204,7.770467,0.8781706,2.009908,4.0196466,1.5072107,6.2767925,0.969998836517334,1
66,spot,7m,0,0.48134127,7.7801175,0.8808103,2.0138001,4.027566,1.5102035,6.276716,0.970770001411438,1
67,spot,7m,0,0.49953333,7.7580886,0.8804698,2.0137815,4.027513,1.5101755,6.283496,0.9709010124206543,1
68,spot,7m,0,0.5403751,7.7535887,0.87911284,2.0076303,4.0154004,1.505676,6.2934895,0.9714994430541992,1
69,spot,7m,0,0.5190951,7.7577395,0.87799907,2.0133686,4.026576,1.5097771,6.278923,0.9699899554252625,1
70,spot,7m,0,0.47813368,7.7757654,0.87951267,2.021787,4.0434713,1.5160711,6.2767267,0.9709370732307434,1
71,spot,7m,0,0.49612075,7.804159,0.87082464,2.0085638,4.0167437,1.5059898,6.2791996,0.9690771698951721,1
72,spot,7m,0,0.49166232,7.788797,0.87527335,2.0160847,4.031778,1.511647,6.281332,0.9687283039093018,1
73,spot,7m,0,0.52405006,7.771371,0.8716562,2.0033367,4.0065312,1.5022249,6.274824,0.9709509015083313,1
74,spot,7m,0,0.4966716,7.780623,0.8778176,2.0088444,4.017595,1.5064456,6.2729225,0.9704562425613403,1
75,spot,7m,0,0.5078824,7.793904,0.87570804,2.0120564,4.02398,1.5087802,6.2773066,0.9700674414634705,1
76,spot,7m,0,0.5198588,7.7502456,0.8805781,2.0268571,4.0535555,1.5198405,6.2931786,0.9698325395584106,1
77,spot,7m,0,0.5042488,7.777395,0.8798896,2.0142045,4.0282526,1.5104408,6.2840357,0.9695321321487427,1
78,spot,7m,0,0.5095813,7.7647023,0.8833352,2.0155017,4.031008,1.5115366,6.2918825,0.9702966213226318,1
79,spot,7m,0,0.518466,7.7610626,0.88582575,2.0260189,4.052133,1.5194254,6.2958746,0.9705797433853149,1
80,velvet,7m,0,0.4795223,7.8252726,0.88533527,2.022782,4.0456986,1.5170305,6.2618036,0.9699077606201172,1
81,velvet,7m,0,0.47123533,7.7667575,0.88319033,2.018333,4.036373,1.5134947,6.2661486,0.9687874913215637,1
82,velvet,7m,0,0.5207267,7.7841616,0.88259846,2.0153732,4.030744,1.5114231,6.2687826,0.9693664312362671,1
83,velvet,7m,0,0.49645197,7.7964535,0.8828279,2.0142477,4.0286894,1.5106734,6.2694435,0.9712721109390259,1
84,velvet,7m,0,0.4908082,7.756698,0.880747,2.0146205,4.0289598,1.5106969,6.2629204,0.9691649079322815,1
85,velvet,7m,0,0.46632403,7.8286905,0.8820501,2.0146017,4.029135,1.5108187,6.276333,0.9691725373268127,1
86,velvet,7m,0,0.49657398,7.7812643,0.88449943,2.0220833,4.04407,1.5163941,6.2751665,0.9691300988197327,1
87,velvet,7m,0,0.48034972,7.8063426,0.87855047,2.0067444,4.0133758,1.5048931,6.262018,0.9698715209960938,1
88,velvet,7m,0,0.49337113,7.788587,0.8796574,2.0158706,4.0316586,1.5116956,6.2643423,0.9701524972915649,1
89,velvet,7m,0,0.5090261,7.7848024,0.8823234,2.0164258,4.032794,1.5121726,6.2667036,0.9693617224693298,1
90,velvet,7m,0,0.5158938,7.777684,0.88195413,2.0156026,4.031255,1.5116022,6.276475,0.9703505635261536,1
91,velvet,7m,0,0.48419642,7.7993126,0.8852182,2.0267167,4.0532875,1.5198216,6.260336,0.9683524966239929,1
92,velvet,7m,0,0.49807823,7.8023014,0.87977785,2.0120625,4.0240407,1.508882,6.275715,0.9694257974624634,1
93,velvet,7m,0,0.47445035,7.8061714,0.8851486,2.0196187,4.0392394,1.5146217,6.273204,0.9695218205451965,1
94,velvet,7m,0,0.50723207,7.7797313,0.879467,2.0109978,4.021801,1.5080342,6.2716694,0.9690115451812744,1
95,velvet,7m,0,0.5013825,7.769733,0.88631463,2.0275512,4.0550003,1.520483,6.274247,0.9688335061073303,1
96,velvet,7m,0,0.48805594,7.798295,0.88502675,2.0240145,4.0480146,1.5178776,6.2738934,0.9693059325218201,1
97,velvet,7m,0,0.5033811,7.8211946,0.88133585,2.0146005,4.029221,1.5108411,6.2700424,0.9692476987838745,1
98,velvet,7m,0,0.49773264,7.8210807,0.88043654,2.0108926,4.021865,1.5080986,6.2689714,0.9700397849082947,1
99,velvet,7m,0,0.48304874,7.7968163,0.8842887,2.0236,4.0471044,1.51752,6.274988,0.9690388441085815,1
0,card,10m,0,0.7359854,10.780468,0.8798163,1.9851408,3.9722118,1.4898548,6.283252,0.9772886633872986,1
1,card,10m,0,0.73762697,10.794753,0.88041633,1.9860337,3.974047,1.4905477,6.299402,0.9776191711425781,1
2,card,10m,0,0.7272148,10.80708,0.88208485,1.9889272,3.979858,1.4927334,6.2990437,0.9777253866195679,1
3,card,10m,0,0.7232808,10.785447,0.8862671,2.0039864,4.009705,1.5038655,6.3087807,0.9758754968643188,1
4,card,10m,0,0.73497677,10.794885,0.88223296,1.9887977,3.979689,1.4926763,6.2919893,0.9780096411705017,1
5,card,10m,0,0.74309456,10.779147,0.8811071,1.986576,3.975117,1.4909567,6.2839174,0.9771891832351685,1
6,card,10m,0,0.73513424,10.804442,0.88230985,1.9898285,3.9817207,1.4934301,6.2957067,0.9778559803962708,1
7,card,10m,0,0.7406099,10.774166,0.88015926,1.9864476,3.9747405,1.4907951,6.2928934,0.9766895771026611,1
8,card,10m,0,0.73803574,10.770169,0.878006,1.9824327,3.9668028,1.4878157,6.2980175,0.9776366949081421,1
9,card,10m,0,0.73888534,10.763514,0.8819356,1.989215,3.9803753,1.4929243,6.3000374,0.9771823287010193,1
10,card,10m,0,0.73879766,10.800722,0.8795425,1.9834338,3.9689422,1.4886436,6.298971,0.9781913161277771,1
11,card,10m,0,0.73461807,10.806802,0.88184094,1.9899893,3.982002,1.4935209,6.2872925,0.9776837825775146,1
12,card,10m,0,0.7408552,10.774921,0.8838656,1.9929595,3.987913,1.4957576,6.303895,0.9772246479988098,1
13,card,10m,0,0.7223853,10.790917,0.88417923,1.9945368,3.9908724,1.4968466,6.301076,0.9763045907020569,1
14,card,10m,0,0.7436301,10.791323,0.8808255,1.986808,3.9756603,1.4911566,6.3005285,0.9778709411621094,1
15,card,10m,0,0.7404548,10.760012,0.87716323,1.9770473,3.9561808,1.4838749,6.2833357,0.9783318042755127,1
16,card,10m,0,0.73538554,10.794048,0.8807647,1.9859256,3.9739788,1.490536,6.2969666,0.9783959984779358,1
17,card,10m,0,0.74630886,10.785486,0.88277406,1.9913934,3.9847553,1.4945643,6.299138,0.9770781993865967,1
18,card,10m,0,0.7491189,10.809381,0.8796973,1.9820302,3.9662578,1.4876544,6.2907143,0.9786309003829956,1
19,card,10m,0,0.7323542,10.773176,0.882419,1.9893126,3.9805675,1.4930035,6.303092,0.9772031307220459,1
20,mirror,10m,0,0.7207662,10.784776,0.88243484,1.9933137,3.9884984,1.4959345,6.2920322,0.9769879579544067,1
21,mirror,10m,0,0.7279438,10.783549,0.87943417,1.9892306,3.9802144,1.4928014,6.3015556,0.9766201972961426,1
22,mirror,10m,0,0.7322162,10.79134,0.880353,1.986729,3.9755049,1.4910847,6.2793007,0.9779152870178223,1
23,mirror,10m,0,0.7300187,10.786822,0.88206226,1.9935033,3.9888082,1.4960403,6.298788,0.9765247106552124,1
24,mirror,10m,0,0.72983,10.790045,0.8834022,1.9940941,3.9901042,1.4965478,6.282241,0.9768750667572021,1
25,mirror,10m,0,0.72525877,10.7661705,0.8809236,1.9900292,3.9818213,1.4934295,6.2818356,0.9763610363006592,1
26,mirror,10m,0,0.72870016,10.783308,0.8770217,1.9807155,3.9633954,1.4865301,6.276595,0.9778865575790405,1
27,mirror,10m,0,0.7361531,10.803208,0.88338745,1.9950198,3.9919703,1.4972374,6.2850943,0.9768921136856079,1
28,mirror,10m,0,0.7374494,10.811199,0.8812462,1.9905723,3.9830933,1.4939075,6.297901,0.9773896336555481,1
29,mirror,10m,0,0.7258798,10.802456,0.88109016,1.9877311,3.9775405,1.4918509,6.276458,0.9780893921852112,1
30,mirror,10m,0,0.7232708,10.810043,0.8784096,1.9842905,3.9705346,1.4891996,6.280819,0.9777812361717224,1
31,mirror,10m,0,0.73174065,10.796422,0.8811526,1.9926239,3.9870749,1.4953799,6.289221,0.9766688942909241,1
32,mirror,10m,0,0.73128617,10.80042,0.8790413,1.9858658,3.9737236,1.4903958,6.288639,0.9779170751571655,1
33,mirror,10m,0,0.7342464,10.796163,0.8795948,1.9860619,3.974052,1.490529,6.2846775,0.9773019552230835,1
34,mirror,10m,0,0.736372,10.781441,0.8833325,1.9963032,3.994411,1.4981418,6.291808,0.976198673248291,1
35,mirror,10m,0,0.73462355,10.793062,0.88041115,1.9878591,3.9777417,1.4919165,6.291214,0.977833092212677,1
36,mirror,10m,0,0.7292882,10.79224,0.88374996,1.9959089,3.9936342,1.497858,6.2780266,0.9762371778488159,1
37,mirror,10m,0,0.73081994,10.790768,0.88006896,1.9889348,3.979661,1.4926112,6.28388,0.9765220880508423,1
38,mirror,10m,0,0.73914826,10.784893,0.88147795,1.9896406,3.9813282,1.4932669,6.288314,0.977741539478302,1
39,mirror,10m,0,0.731441,10.786815,0.8772859,1.9817785,3.9655511,1.4873343,6.2733974,0.9779761433601379,1
40,nothing,10m,0,0.74814487,10.789346,0.8876234,1.994253,3.990747,1.4968857,6.2883015,0.9777927398681641,1
41,nothing,10m,0,0.73757136,10.806706,0.8823564,1.9822738,3.9668398,1.4879248,6.2901144,0.9788630604743958,1
42,nothing,10m,0,0.7527181,10.800065,0.8852405,1.9866129,3.9755864,1.4912262,6.2829647,0.9785727858543396,1
43,nothing,10m,0,0.75048006,10.756835,0.8859086,1.9913281,3.9847476,1.4946282,6.2831316,0.9770656824111938,1
44,nothing,10m,0,0.7431724,10.793852,0.88521874,1.9911927,3.984623,1.4945674,6.286641,0.978202760219574,1
45,nothing,10m,0,0.7355362,10.825621,0.88597697,1.9934034,3.9890878,1.496233,6.2816534,0.9784706830978394,1
46,nothing,10m,0,0.7479408,10.779537,0.8802624,1.9815314,3.9652197,1.4872795,6.273675,0.9781869053840637,1
47,nothing,10m,0,0.74909943,10.766746,0.883201,1.9885745,3.9792874,1.4925511,6.287159,0.977856457233429,1
48,nothing,10m,0,0.74382085,10.784572,0.8812889,1.982209,3.9666002,1.487812,6.2828074,0.9782803058624268,1
49,nothing,10m,0,0.7502936,10.800677,0.88382924,1.987639,3.9775112,1.4919052,6.2804146,0.9781485795974731,1
50,nothing,10m,0,0.74559486,10.805675,0.88423824,1.991563,3.9853106,1.4947985,6.282522,0.978004515171051,1
51,nothing,10m,0,0.7498767,10.788504,0.88040125,1.9817303,3.9656532,1.4874436,6.271802,0.9783200025558472,1
52,nothing,10m,0,0.75280094,10.799655,0.8784899,1.9831972,3.9685416,1.4884738,6.285021,0.9784788489341736,1
53,nothing,10m,0,0.7403337,10.809638,0.8818809,1.9959762,3.9937992,1.4978844,6.2861757,0.9766722917556763,1
54,nothing,10m,0,0.72407985,10.792165,0.8819096,2.0020711,4.0059586,1.502389,6.2975655,0.9771381616592407,1
55,nothing,10m,0,0.7443974,10.785553,0.87747645,1.9875959,3.977075,1.4916062,6.2943306,0.97748863697052,1
56,nothing,10m,0,0.7358699,10.771241,0.87466747,1.9837524,3.969256,1.4886506,6.287421,0.9771701693534851,1
57,nothing,10m,0,0.7487482,10.773731,0.8760927,1.9834505,3.968834,1.4885305,6.29653,0.9778527021408081,1
58,nothing,10m,0,0.7386333,10.792226,0.877383,1.9861106,3.9742236,1.4905512,6.2819414,0.9781115055084229,1
59,nothing,10m,0,0.7420095,10.778835,0.8716596,1.9787169,3.9591882,1.4848607,6.280676,0.9774258732795715,1
60,spot,10m,0,0.73644763,10.775283,0.8795185,1.9881501,3.9781778,1.492059,6.2930574,0.9771375060081482,1
61,spot,10m,0,0.7214204,10.758928,0.87417096,1.9798707,3.9614205,1.4857312,6.291608,0.9768298268318176,1
62,spot,10m,0,0.72578573,10.775859,0.878279,1.9861547,3.9741392,1.4905361,6.294425,0.977207362651825,1
63,spot,10m,0,0.7361822,10.771089,0.87536037,1.9767836,3.9556303,1.4836342,6.292713,0.9786388874053955,1
64,spot,10m,0,0.7328706,10.769677,0.8772024,1.9852716,3.9723792,1.4898616,6.310357,0.9773796200752258,1
65,spot,10m,0,0.7318636,10.758807,0.8749131,1.9780128,3.9578695,1.4844431,6.2854366,0.9774951338768005,1
66,spot,10m,0,0.7365979,10.7715845,0.87971044,1.9877272,3.9773502,1.4917564,6.288682,0.9771568179130554,1
67,spot,10m,0,0.7352965,10.769143,0.87797683,1.9834334,3.9688618,1.4885828,6.290332,0.9779677987098694,1
68,spot,10m,0,0.7222984,10.781088,0.8794595,1.9900383,3.9818425,1.4934106,6.299469,0.9768540263175964,1
69,spot,10m,0,0.7312846,10.774751,0.881058,1.9946903,3.9910643,1.4968566,6.292263,0.9759352207183838,1
70,spot,10m,0,0.7349597,10.766803,0.8789631,1.9853705,3.9727013,1.4900254,6.296523,0.9777135252952576,1
71,spot,10m,0,0.7320194,10.75087,0.88302004,1.9963094,3.9943748,1.4981251,6.305047,0.9761033654212952,1
72,spot,10m,0,0.72321343,10.758317,0.8820434,1.9953696,3.9924405,1.4973804,6.3120813,0.976115882396698,1
73,spot,10m,0,0.7362467,10.766166,0.8793182,1.9865844,3.975055,1.4908944,6.3082733,0.9772636294364929,1
74,spot,10m,0,0.7334305,10.771464,0.87683076,1.9817343,3.9654455,1.487295,6.2880306,0.9780341982841492,1
75,spot,10m,0,0.727412,10.770029,0.87993467,1.9923676,3.98641,1.4951065,6.3028936,0.9762040376663208,1
76,spot,10m,0,0.7337995,10.772079,0.87960285,1.9886931,3.9791925,1.4924314,6.302127,0.9767970442771912,1
77,spot,10m,0,0.73526144,10.77141,0.87971085,1.9898951,3.9816647,1.493356,6.293579,0.977163553237915,1
78,spot,10m,0,0.7365569,10.759887,0.87457454,1.9771357,3.9561224,1.4837917,6.286993,0.9774545431137085,1
79,spot,10m,0,0.732628,10.745256,0.88008267,1.9894189,3.9806798,1.4930007,6.3011436,0.9769111275672913,1
80,velvet,10m,0,0.74012554,10.773664,0.87516975,1.978115,3.9581132,1.48454,6.2907057,0.9776056408882141,1
81,velvet,10m,0,0.741569,10.797769,0.873392,1.9769747,3.9557834,1.4836361,6.2943897,0.9776366949081421,1
82,velvet,10m,0,0.74186605,10.781598,0.8781131,1.9863513,3.9745386,1.4906785,6.2929173,0.9770501852035522,1
83,velvet,10m,0,0.73448545,10.792721,0.8805997,1.9909862,3.983807,1.4941617,6.2986584,0.9768900871276855,1
84,velvet,10m,0,0.7353753,10.761738,0.876825,1.9867674,3.9753387,1.4909489,6.2732677,0.9770663380622864,1
85,velvet,10m,0,0.7429512,10.789334,0.87638885,1.9817203,3.9653523,1.4872428,6.2897778,0.9776684045791626,1
86,velvet,10m,0,0.73734254,10.78779,0.8797883,1.9913753,3.984481,1.494389,6.293166,0.9763195514678955,1
87,velvet,10m,0,0.73870265,10.786506,0.87313324,1.9703681,3.9427946,1.4788287,6.2739067,0.9786608219146729,1
88,velvet,10m,0,0.7386322,10.777965,0.87790984,1.9840518,3.9699879,1.4889928,6.2998333,0.9774075150489807,1
89,velvet,10m,0,0.7360865,10.765316,0.8742186,1.9790887,3.9599187,1.4851837,6.280883,0.9769832491874695,1
90,velvet,10m,0,0.7388097,10.78141,0.8718878,1.9688789,3.9398308,1.4777095,6.2802525,0.978955864906311,1
91,velvet,10m,0,0.7492962,10.790937,0.87668175,1.982042,3.96602,1.4874976,6.291024,0.9776449203491211,1
92,velvet,10m,0,0.73354304,10.801678,0.8765856,1.9815938,3.9651992,1.4871923,6.278841,0.9782347083091736,1
93,velvet,10m,0,0.7411792,10.771247,0.8723965,1.9712778,3.944567,1.4794718,6.280406,0.97856205701828,1
94,velvet,10m,0,0.7401315,10.786504,0.87743604,1.985383,3.972583,1.4899395,6.2926617,0.9770517945289612,1
95,velvet,10m,0,0.7390423,10.780078,0.8698962,1.9636221,3.9293413,1.4737822,6.26505,0.9792311191558838,1
96,velvet,10m,0,0.72799087,10.767825,0.87796754,1.9864426,3.974828,1.4907894,6.2795267,0.9778431057929993,1
97,velvet,10m,0,0.74096733,10.7956915,0.87642384,1.98617,3.9741216,1.4904845,6.2858057,0.976993203163147,1
98,velvet,10m,0,0.7335221,10.792231,0.87353987,1.9777296,3.9573305,1.4842144,6.2931337,0.9779642820358276,1
99,velvet,10m,0,0.73997897,10.794957,0.8784614,1.9854882,3.972916,1.4900877,6.2852554,0.9775155186653137,1
